Height,Categoria,Código da Categoria,Frequência
16200.0,Normal_Weight,0,12
16200.0,Overweight_Level_I,1,22
16200.0,Obesity_Type_I,2,1
16200.0,Insufficient_Weight,3,1
15200.0,Normal_Weight,0,1
15200.0,Insufficient_Weight,1,6
18000.0,Normal_Weight,0,15
18000.0,Overweight_Level_I,1,5
18000.0,Obesity_Type_I,2,1
18000.0,Overweight_Level_II,3,4
18000.0,Obesity_Type_II,4,1
18000.0,Insufficient_Weight,5,2
17800.0,Overweight_Level_II,0,1
17800.0,Normal_Weight,1,6
17800.0,Overweight_Level_I,2,2
17800.0,Obesity_Type_I,3,6
15000.0,Normal_Weight,0,7
15000.0,Overweight_Level_II,1,3
15000.0,Overweight_Level_I,2,2
15000.0,Obesity_Type_I,3,1
16400.0,Normal_Weight,0,8
16400.0,Overweight_Level_II,1,1
16400.0,Insufficient_Weight,2,1
17200.0,Normal_Weight,0,9
17200.0,Overweight_Level_II,1,6
17200.0,Overweight_Level_I,2,2
17200.0,Insufficient_Weight,3,2
18500.0,Obesity_Type_I,0,2
18500.0,Normal_Weight,1,6
18500.0,Overweight_Level_II,2,3
18500.0,Obesity_Type_II,3,1
18500.0,Insufficient_Weight,4,1
16500.0,Normal_Weight,0,20
16500.0,Overweight_Level_I,1,4
16500.0,Overweight_Level_II,2,10
16500.0,Obesity_Type_I,3,15
16500.0,Insufficient_Weight,4,1
17700.0,Normal_Weight,0,3
17700.0,Overweight_Level_I,1,1
17700.0,Obesity_Type_I,2,1
17700.0,Overweight_Level_II,3,2
17000.0,Normal_Weight,0,22
17000.0,Overweight_Level_II,1,23
17000.0,Overweight_Level_I,2,4
17000.0,Insufficient_Weight,3,9
17000.0,Obesity_Type_I,4,2
19300.0,Overweight_Level_II,0,1
19300.0,Normal_Weight,1,1
15300.0,Obesity_Type_I,0,1
15300.0,Overweight_Level_II,1,1
15300.0,Normal_Weight,2,3
15300.0,Insufficient_Weight,3,1
17100.0,Overweight_Level_II,0,1
17100.0,Overweight_Level_I,1,2
17100.0,Normal_Weight,2,3
17100.0,Insufficient_Weight,3,1
17100.0,Obesity_Type_I,4,1
16900.0,Obesity_Type_I,0,2
16900.0,Normal_Weight,1,7
16900.0,Overweight_Level_II,2,1
16000.0,Obesity_Type_I,0,6
16000.0,Normal_Weight,1,24
16000.0,Insufficient_Weight,2,3
16000.0,Overweight_Level_I,3,9
16000.0,Obesity_Type_II,4,1
17500.0,Normal_Weight,0,15
17500.0,Overweight_Level_II,1,4
17500.0,Obesity_Type_I,2,3
17500.0,Insufficient_Weight,3,2
17500.0,Overweight_Level_I,4,3
17500.0,Obesity_Type_II,5,12
16800.0,Normal_Weight,0,8
16800.0,Overweight_Level_I,1,1
16800.0,Insufficient_Weight,2,1
16800.0,Overweight_Level_II,3,3
15800.0,Overweight_Level_II,0,2
15800.0,Normal_Weight,1,6
15800.0,Overweight_Level_I,2,1
17900.0,Overweight_Level_II,0,2
17900.0,Normal_Weight,1,1
17900.0,Insufficient_Weight,2,2
17900.0,Obesity_Type_I,3,1
15600.0,Normal_Weight,0,11
15600.0,Obesity_Type_I,1,2
15600.0,Obesity_Type_III,2,1
16700.0,Overweight_Level_I,0,2
16700.0,Normal_Weight,1,8
16700.0,Insufficient_Weight,2,2
16700.0,Obesity_Type_I,3,3
16700.0,Overweight_Level_II,4,1
16600.0,Normal_Weight,0,13
16600.0,Obesity_Type_III,1,1
18100.0,Normal_Weight,0,2
18200.0,Normal_Weight,0,5
18200.0,Overweight_Level_I,1,1
18200.0,Obesity_Type_I,2,1
15500.0,Normal_Weight,0,9
15500.0,Overweight_Level_I,1,5
16100.0,Normal_Weight,0,6
16100.0,Overweight_Level_I,1,2
16300.0,Normal_Weight,0,10
16300.0,Insufficient_Weight,1,1
16300.0,Obesity_Type_II,2,1
16300.0,Overweight_Level_II,3,2
16300.0,Obesity_Type_I,4,3
17600.0,Insufficient_Weight,0,1
17600.0,Obesity_Type_II,1,1
17600.0,Overweight_Level_II,2,1
17600.0,Normal_Weight,3,5
17600.0,Overweight_Level_I,4,5
15700.0,Normal_Weight,0,7
18800.0,Overweight_Level_I,0,1
18800.0,Normal_Weight,1,2
18700.0,Overweight_Level_II,0,1
18700.0,Normal_Weight,1,3
18700.0,Obesity_Type_III,2,1
18900.0,Insufficient_Weight,0,1
18900.0,Normal_Weight,1,2
17400.0,Obesity_Type_I,0,3
17400.0,Normal_Weight,1,8
17400.0,Insufficient_Weight,2,1
17400.0,Overweight_Level_I,3,2
17400.0,Overweight_Level_II,4,1
18300.0,Normal_Weight,0,5
18300.0,Overweight_Level_I,1,1
18300.0,Obesity_Type_II,2,1
18300.0,Overweight_Level_II,3,1
18300.0,Obesity_Type_I,4,1
19200.0,Obesity_Type_II,0,1
17300.0,Overweight_Level_I,0,1
17300.0,Normal_Weight,1,1
18400.0,Normal_Weight,0,1
18400.0,Insufficient_Weight,1,2
18400.0,Overweight_Level_I,2,2
18400.0,Obesity_Type_I,3,1
19100.0,Normal_Weight,0,1
14800.0,Overweight_Level_II,0,1
15900.0,Insufficient_Weight,0,1
15900.0,Normal_Weight,1,6
15400.0,Obesity_Type_I,0,1
15400.0,Normal_Weight,1,3
15400.0,Insufficient_Weight,2,2
15400.0,Overweight_Level_II,3,1
19000.0,Overweight_Level_I,0,1
19000.0,Insufficient_Weight,1,1
19000.0,Normal_Weight,2,1
18600.0,Obesity_Type_I,0,1
14500.0,Overweight_Level_I,0,1
19800.0,Obesity_Type_I,0,1
15100.0,Overweight_Level_I,0,1
15100.0,Normal_Weight,1,1
16863.06,Obesity_Type_III,0,1
16831.239999999998,Obesity_Type_III,0,1
16223.97,Obesity_Type_III,0,1
17556.43,Obesity_Type_III,0,1
18434.19,Obesity_Type_III,0,1
17456.0,Obesity_Type_III,0,1
16309.27,Obesity_Type_III,0,1
16291.910000000002,Obesity_Type_III,0,1
17706.120000000003,Obesity_Type_III,0,1
17437.02,Insufficient_Weight,0,1
17719.149999999998,Insufficient_Weight,0,1
17537.600000000002,Insufficient_Weight,0,1
16754.46,Insufficient_Weight,0,1
16662.030000000002,Insufficient_Weight,0,1
17114.670000000002,Insufficient_Weight,0,1
15980.190000000002,Insufficient_Weight,0,1
15961.099999999999,Insufficient_Weight,0,1
15720.599999999999,Insufficient_Weight,0,1
15869.52,Insufficient_Weight,0,1
15955.9,Insufficient_Weight,0,1
16880.25,Insufficient_Weight,0,1
15562.11,Insufficient_Weight,0,1
15641.989999999998,Insufficient_Weight,0,1
15694.800000000001,Insufficient_Weight,0,1
15506.48,Insufficient_Weight,0,1
15209.969999999998,Insufficient_Weight,0,1
15280.109999999999,Insufficient_Weight,0,1
17332.63,Insufficient_Weight,0,1
17225.27,Insufficient_Weight,0,1
17348.32,Insufficient_Weight,0,1
18827.789999999997,Insufficient_Weight,0,1
18545.920000000002,Insufficient_Weight,0,1
18356.43,Insufficient_Weight,0,1
17555.07,Insufficient_Weight,0,1
17126.600000000002,Insufficient_Weight,0,1
16942.65,Insufficient_Weight,0,1
15868.949999999999,Insufficient_Weight,0,1
15795.609999999999,Insufficient_Weight,0,1
15645.679999999998,Insufficient_Weight,0,1
16706.350000000002,Insufficient_Weight,0,1
16884.260000000002,Insufficient_Weight,0,1
16608.4,Insufficient_Weight,0,1
17101.82,Insufficient_Weight,0,1
17559.78,Insufficient_Weight,0,1
17288.34,Insufficient_Weight,0,1
16620.170000000002,Insufficient_Weight,0,1
16614.03,Insufficient_Weight,0,1
16108.63,Insufficient_Weight,0,1
16406.879999999997,Insufficient_Weight,0,1
16460.3,Insufficient_Weight,0,1
17105.64,Insufficient_Weight,0,1
17527.55,Insufficient_Weight,0,1
16910.07,Insufficient_Weight,0,1
17533.49,Insufficient_Weight,0,1
17815.43,Insufficient_Weight,0,1
17558.23,Insufficient_Weight,0,1
18366.69,Insufficient_Weight,0,1
18366.69,Obesity_Type_I,1,1
17684.93,Insufficient_Weight,0,1
17771.079999999998,Insufficient_Weight,0,1
16408.24,Insufficient_Weight,0,1
15849.51,Insufficient_Weight,0,1
18182.68,Insufficient_Weight,0,1
17939.26,Insufficient_Weight,0,1
18092.51,Insufficient_Weight,0,1
17673.350000000002,Insufficient_Weight,0,1
16995.68,Insufficient_Weight,0,1
17593.58,Insufficient_Weight,0,1
17402.949999999997,Insufficient_Weight,0,1
17393.54,Insufficient_Weight,0,1
16478.109999999997,Insufficient_Weight,0,1
17684.350000000002,Insufficient_Weight,0,1
16994.64,Insufficient_Weight,0,1
17437.899999999998,Insufficient_Weight,0,1
15903.17,Insufficient_Weight,0,1
15271.33,Insufficient_Weight,0,1
15308.75,Insufficient_Weight,0,1
18482.940000000002,Insufficient_Weight,0,1
18244.14,Insufficient_Weight,0,1
18566.329999999998,Insufficient_Weight,0,1
17155.969999999998,Insufficient_Weight,0,1
16750.54,Insufficient_Weight,0,1
17176.01,Insufficient_Weight,0,1
17107.56,Insufficient_Weight,0,1
15738.160000000002,Insufficient_Weight,0,1
15308.839999999998,Insufficient_Weight,0,1
15297.240000000002,Insufficient_Weight,0,1
17675.63,Insufficient_Weight,0,1
18833.64,Insufficient_Weight,0,1
18246.55,Insufficient_Weight,0,1
18401.38,Insufficient_Weight,0,1
18195.57,Insufficient_Weight,0,1
17986.45,Insufficient_Weight,0,1
17108.0,Insufficient_Weight,0,1
17065.300000000003,Insufficient_Weight,0,1
17166.91,Insufficient_Weight,0,1
15554.310000000001,Insufficient_Weight,0,1
16039.230000000001,Insufficient_Weight,0,1
16020.82,Insufficient_Weight,0,1
15377.7,Insufficient_Weight,0,1
15383.98,Insufficient_Weight,0,1
15208.619999999999,Insufficient_Weight,0,1
17178.260000000002,Insufficient_Weight,0,1
17533.89,Insufficient_Weight,0,1
17016.500000000004,Insufficient_Weight,0,1
17533.600000000002,Insufficient_Weight,0,1
16720.07,Insufficient_Weight,0,1
15938.470000000001,Insufficient_Weight,0,1
15847.85,Insufficient_Weight,0,1
16002.64,Insufficient_Weight,0,1
15493.11,Insufficient_Weight,0,1
15343.85,Insufficient_Weight,0,1
17255.48,Insufficient_Weight,0,1
18689.31,Insufficient_Weight,0,1
16869.36,Insufficient_Weight,0,1
15898.29,Insufficient_Weight,0,1
16532.09,Insufficient_Weight,0,1
17401.079999999998,Insufficient_Weight,0,1
16891.41,Insufficient_Weight,0,1
16912.06,Insufficient_Weight,0,1
17884.59,Insufficient_Weight,0,1
18112.379999999997,Insufficient_Weight,0,1
18300.68,Insufficient_Weight,0,1
17827.56,Insufficient_Weight,0,1
17516.91,Insufficient_Weight,0,1
17865.600000000002,Insufficient_Weight,0,1
17136.7,Insufficient_Weight,0,1
15403.75,Insufficient_Weight,0,1
18967.34,Insufficient_Weight,0,1
17101.29,Insufficient_Weight,0,1
17041.93,Insufficient_Weight,0,1
15566.11,Insufficient_Weight,0,1
18453.989999999998,Insufficient_Weight,0,1
18346.370000000003,Insufficient_Weight,0,1
17218.539999999997,Insufficient_Weight,0,1
17218.539999999997,Overweight_Level_I,1,1
16055.21,Insufficient_Weight,0,1
15302.66,Insufficient_Weight,0,1
17188.9,Insufficient_Weight,0,1
17563.38,Insufficient_Weight,0,1
17703.239999999998,Insufficient_Weight,0,1
17674.79,Insufficient_Weight,0,1
17042.23,Insufficient_Weight,0,1
16678.519999999997,Insufficient_Weight,0,1
17224.61,Insufficient_Weight,0,1
15880.46,Insufficient_Weight,0,1
15986.119999999999,Insufficient_Weight,0,1
15923.789999999999,Insufficient_Weight,0,1
15557.780000000002,Insufficient_Weight,0,1
15964.66,Insufficient_Weight,0,1
15983.93,Insufficient_Weight,0,1
16333.160000000002,Insufficient_Weight,0,1
15595.669999999998,Insufficient_Weight,0,1
15465.51,Insufficient_Weight,0,1
15665.009999999998,Insufficient_Weight,0,1
15994.86,Insufficient_Weight,0,1
15591.86,Insufficient_Weight,0,1
15234.26,Insufficient_Weight,0,1
16894.41,Insufficient_Weight,0,1
17374.53,Insufficient_Weight,0,1
17320.96,Insufficient_Weight,0,1
18690.98,Insufficient_Weight,0,1
18511.23,Insufficient_Weight,0,1
17872.64,Insufficient_Weight,0,1
17877.870000000003,Insufficient_Weight,0,1
17125.149999999998,Insufficient_Weight,0,1
16989.14,Insufficient_Weight,0,1
15336.089999999998,Insufficient_Weight,0,1
15679.810000000001,Insufficient_Weight,0,1
15442.63,Insufficient_Weight,0,1
16705.52,Insufficient_Weight,0,1
16763.46,Insufficient_Weight,0,1
16674.04,Insufficient_Weight,0,1
17001.1,Insufficient_Weight,0,1
17563.3,Insufficient_Weight,0,1
17035.84,Insufficient_Weight,0,1
16907.27,Insufficient_Weight,0,1
17135.64,Insufficient_Weight,0,1
16723.1,Insufficient_Weight,0,1
16604.46,Insufficient_Weight,0,1
16303.79,Insufficient_Weight,0,1
16554.13,Insufficient_Weight,0,1
17328.62,Insufficient_Weight,0,1
17440.199999999997,Insufficient_Weight,0,1
17579.579999999998,Insufficient_Weight,0,1
17867.58,Insufficient_Weight,0,1
17670.58,Insufficient_Weight,0,1
16994.37,Insufficient_Weight,0,1
18252.5,Insufficient_Weight,0,1
17933.15,Insufficient_Weight,0,1
17769.89,Insufficient_Weight,0,1
16094.95,Insufficient_Weight,0,1
17779.29,Insufficient_Weight,0,1
17109.48,Insufficient_Weight,0,1
18541.62,Insufficient_Weight,0,1
18215.14,Insufficient_Weight,0,1
17620.73,Insufficient_Weight,0,1
17323.07,Insufficient_Weight,0,1
17599.33,Insufficient_Weight,0,1
17413.77,Insufficient_Weight,0,1
17311.95,Insufficient_Weight,0,1
17482.3,Insufficient_Weight,0,1
17568.649999999998,Insufficient_Weight,0,1
17013.78,Insufficient_Weight,0,1
16999.56,Insufficient_Weight,0,1
17233.28,Insufficient_Weight,0,1
15858.859999999999,Insufficient_Weight,0,1
15249.26,Insufficient_Weight,0,1
15233.699999999999,Insufficient_Weight,0,1
18447.489999999998,Insufficient_Weight,0,1
18533.25,Insufficient_Weight,0,1
18547.059999999998,Insufficient_Weight,0,1
17206.399999999998,Insufficient_Weight,0,1
17041.67,Insufficient_Weight,0,1
17174.600000000002,Insufficient_Weight,0,1
17084.059999999998,Insufficient_Weight,0,1
17634.649999999998,Insufficient_Weight,0,1
15740.17,Insufficient_Weight,0,1
15377.39,Insufficient_Weight,0,1
15342.229999999998,Insufficient_Weight,0,1
17603.3,Insufficient_Weight,0,1
18418.79,Insufficient_Weight,0,1
18564.06,Insufficient_Weight,0,1
18291.42,Insufficient_Weight,0,1
18220.84,Insufficient_Weight,0,1
18067.1,Insufficient_Weight,0,1
17072.59,Insufficient_Weight,0,1
17081.07,Insufficient_Weight,0,1
17393.440000000002,Insufficient_Weight,0,1
15739.869999999999,Insufficient_Weight,0,1
15809.2,Insufficient_Weight,0,1
16034.35,Insufficient_Weight,0,1
15353.5,Insufficient_Weight,0,1
15316.1,Insufficient_Weight,0,1
15256.91,Insufficient_Weight,0,1
17198.27,Insufficient_Weight,0,1
17225.47,Insufficient_Weight,0,1
17387.02,Insufficient_Weight,0,1
18162.98,Overweight_Level_I,0,1
16380.85,Overweight_Level_I,0,1
18136.78,Overweight_Level_I,0,1
16972.28,Overweight_Level_I,0,1
16174.69,Overweight_Level_I,0,1
18555.429999999997,Overweight_Level_I,0,1
18553.53,Overweight_Level_I,0,1
16963.36,Overweight_Level_I,0,1
17516.309999999998,Overweight_Level_I,0,1
16983.46,Overweight_Level_I,0,1
16429.71,Overweight_Level_I,0,1
16136.68,Overweight_Level_I,0,1
16054.04,Overweight_Level_I,0,1
15298.339999999998,Overweight_Level_I,0,1
17312.61,Overweight_Level_I,0,1
16291.939999999999,Overweight_Level_I,0,1
16334.91,Overweight_Level_I,0,1
17523.91,Overweight_Level_I,0,1
18182.26,Overweight_Level_I,0,1
18091.01,Overweight_Level_I,0,1
17094.84,Overweight_Level_I,0,1
16070.819999999998,Overweight_Level_I,0,1
17189.39,Overweight_Level_I,0,1
18313.57,Overweight_Level_I,0,1
17548.13,Overweight_Level_I,0,1
17784.469999999998,Overweight_Level_I,0,1
17095.61,Overweight_Level_I,0,1
16745.68,Overweight_Level_I,0,1
17553.17,Overweight_Level_I,0,1
17080.71,Overweight_Level_I,0,1
18069.47,Overweight_Level_I,0,1
15996.97,Overweight_Level_I,0,1
17219.030000000002,Overweight_Level_I,0,1
17125.559999999998,Overweight_Level_I,0,1
15512.880000000001,Overweight_Level_I,0,1
16038.42,Overweight_Level_I,0,1
15885.970000000001,Overweight_Level_I,0,1
16734.82,Overweight_Level_I,0,1
18586.24,Overweight_Level_I,0,1
15938.939999999999,Overweight_Level_I,0,1
16163.659999999998,Overweight_Level_I,0,1
16373.96,Overweight_Level_I,0,1
15507.230000000001,Overweight_Level_I,0,1
18204.71,Overweight_Level_I,0,1
16574.960000000003,Overweight_Level_I,0,1
17521.23,Overweight_Level_I,0,1
18572.31,Overweight_Level_I,0,1
16446.82,Overweight_Level_I,0,1
17371.65,Overweight_Level_I,0,1
15078.53,Overweight_Level_I,0,1
18100.6,Overweight_Level_I,0,1
18017.9,Overweight_Level_I,0,1
16258.91,Overweight_Level_I,0,1
16403.7,Overweight_Level_I,0,1
17910.47,Overweight_Level_I,0,1
16793.06,Overweight_Level_I,0,1
16151.45,Overweight_Level_I,0,1
16164.670000000002,Overweight_Level_I,0,1
18167.83,Overweight_Level_I,0,1
18124.72,Overweight_Level_I,0,1
17682.31,Overweight_Level_I,0,1
18709.309999999998,Overweight_Level_I,0,1
18636.850000000002,Overweight_Level_I,0,1
16702.269999999997,Overweight_Level_I,0,1
17172.879999999997,Overweight_Level_I,0,1
17503.59,Overweight_Level_I,0,1
17075.57,Overweight_Level_I,0,1
16724.460000000003,Overweight_Level_I,0,1
16759.79,Overweight_Level_I,0,1
16112.390000000001,Overweight_Level_I,0,1
16113.560000000001,Overweight_Level_I,0,1
15089.079999999998,Overweight_Level_I,0,1
15611.090000000002,Overweight_Level_I,0,1
15547.28,Overweight_Level_I,0,1
17301.82,Overweight_Level_I,0,1
17438.41,Overweight_Level_I,0,1
16425.059999999998,Overweight_Level_I,0,1
16930.8,Overweight_Level_I,0,1
17521.15,Overweight_Level_I,0,1
17450.329999999998,Overweight_Level_I,0,1
18206.43,Overweight_Level_I,0,1
18073.3,Overweight_Level_I,0,1
18142.55,Overweight_Level_I,0,1
17001.81,Overweight_Level_I,0,1
16046.970000000001,Overweight_Level_I,0,1
16110.0,Overweight_Level_I,0,1
17544.97,Overweight_Level_I,0,1
17529.44,Overweight_Level_I,0,1
18599.27,Overweight_Level_I,0,1
18960.73,Overweight_Level_I,0,1
16053.14,Overweight_Level_I,0,1
17586.280000000002,Overweight_Level_I,0,1
17554.27,Overweight_Level_I,0,1
17798.82,Overweight_Level_I,0,1
17120.61,Overweight_Level_I,0,1
16760.14,Overweight_Level_I,0,1
17658.74,Overweight_Level_I,0,1
17459.5,Overweight_Level_I,0,1
16901.96,Overweight_Level_I,0,1
18174.8,Overweight_Level_I,0,1
15809.640000000001,Overweight_Level_I,0,1
16520.84,Overweight_Level_I,0,1
16455.11,Overweight_Level_I,0,1
17079.68,Overweight_Level_I,0,1
14563.459999999997,Overweight_Level_I,0,1
14985.61,Overweight_Level_I,0,1
16035.01,Overweight_Level_I,0,1
16035.01,Obesity_Type_II,1,1
15580.449999999999,Overweight_Level_I,0,1
16475.14,Overweight_Level_I,0,1
18557.79,Overweight_Level_I,0,1
18532.23,Overweight_Level_I,0,1
15708.109999999999,Overweight_Level_I,0,1
16171.24,Overweight_Level_I,0,1
16440.530000000002,Overweight_Level_I,0,1
16089.140000000001,Overweight_Level_I,0,1
16479.71,Overweight_Level_I,0,1
16248.309999999998,Overweight_Level_I,0,1
15082.670000000002,Overweight_Level_I,0,1
15189.170000000002,Overweight_Level_I,0,1
18387.91,Overweight_Level_I,0,1
17303.789999999997,Overweight_Level_I,0,1
17591.17,Overweight_Level_I,0,1
17552.54,Overweight_Level_I,0,1
18040.989999999998,Overweight_Level_I,0,1
18135.67,Overweight_Level_I,0,1
17565.5,Overweight_Level_I,0,1
17567.74,Overweight_Level_I,0,1
17095.85,Overweight_Level_I,0,1
15356.18,Overweight_Level_I,0,1
18188.48,Overweight_Level_I,0,1
18176.41,Overweight_Level_I,0,1
16365.92,Overweight_Level_I,0,1
16214.119999999999,Overweight_Level_I,0,1
18028.71,Overweight_Level_I,0,1
16962.010000000002,Overweight_Level_I,0,1
16946.33,Overweight_Level_I,0,1
16181.48,Overweight_Level_I,0,1
18568.109999999997,Overweight_Level_I,0,1
17383.21,Overweight_Level_I,0,1
17392.93,Overweight_Level_I,0,1
18075.38,Overweight_Level_I,0,1
18494.25,Overweight_Level_I,0,1
17124.73,Overweight_Level_I,0,1
17534.710000000003,Overweight_Level_I,0,1
17174.32,Overweight_Level_I,0,1
16775.73,Overweight_Level_I,0,1
16797.25,Overweight_Level_I,0,1
16009.14,Overweight_Level_I,0,1
16177.49,Overweight_Level_I,0,1
16102.090000000002,Overweight_Level_I,0,1
16125.560000000001,Overweight_Level_I,0,1
15481.78,Overweight_Level_I,0,1
15684.41,Overweight_Level_I,0,1
15323.220000000001,Overweight_Level_I,0,1
17301.99,Overweight_Level_I,0,1
17301.670000000002,Overweight_Level_I,0,1
16273.96,Overweight_Level_I,0,1
16387.440000000002,Overweight_Level_I,0,1
16808.58,Overweight_Level_I,0,1
17583.72,Overweight_Level_I,0,1
18225.73,Overweight_Level_I,0,1
18154.09,Overweight_Level_I,0,1
16980.49,Overweight_Level_I,0,1
16068.1,Overweight_Level_I,0,1
16103.27,Overweight_Level_I,0,1
17104.15,Overweight_Level_I,0,1
17162.89,Overweight_Level_I,0,1
18347.15,Overweight_Level_I,0,1
16118.220000000003,Overweight_Level_I,0,1
17535.78,Overweight_Level_I,0,1
17423.64,Overweight_Level_I,0,1
17756.260000000002,Overweight_Level_I,0,1
17142.53,Overweight_Level_I,0,1
16936.28,Overweight_Level_I,0,1
16591.72,Overweight_Level_I,0,1
17763.469999999998,Overweight_Level_I,0,1
17678.059999999998,Overweight_Level_I,0,1
17025.16,Overweight_Level_I,0,1
18141.82,Overweight_Level_I,0,1
15999.4,Overweight_Level_I,0,1
16660.230000000003,Overweight_Level_I,0,1
17015.84,Overweight_Level_I,0,1
17133.43,Overweight_Level_I,0,1
14894.09,Overweight_Level_I,0,1
15180.67,Overweight_Level_I,0,1
16165.33,Overweight_Level_I,0,1
15896.16,Overweight_Level_I,0,1
16756.120000000003,Overweight_Level_I,0,1
18740.61,Overweight_Level_I,0,1
15807.650000000001,Overweight_Level_I,0,1
16139.21,Overweight_Level_I,0,1
16186.83,Overweight_Level_I,0,1
16375.37,Overweight_Level_I,0,1
15665.24,Overweight_Level_I,0,1
15423.279999999999,Overweight_Level_I,0,1
16001.840000000002,Overweight_Level_I,0,1
17736.56,Overweight_Level_I,0,1
16460.2,Overweight_Level_I,0,1
16501.5,Overweight_Level_I,0,1
17510.29,Overweight_Level_I,0,1
18382.66,Overweight_Level_I,0,1
18244.489999999998,Overweight_Level_I,0,1
16222.41,Overweight_Level_I,0,1
17299.960000000003,Overweight_Level_I,0,1
17252.33,Overweight_Level_I,0,1
15410.390000000001,Overweight_Level_I,0,1
17737.66,Overweight_Level_II,0,1
17546.3,Overweight_Level_II,0,1
16743.269999999997,Overweight_Level_II,0,1
19132.41,Overweight_Level_II,0,1
17379.84,Overweight_Level_II,0,1
17036.88,Overweight_Level_II,0,1
17163.079999999998,Overweight_Level_II,0,1
15785.599999999999,Overweight_Level_II,0,1
17808.46,Overweight_Level_II,0,1
18231.68,Overweight_Level_II,0,1
15252.34,Overweight_Level_II,0,1
14816.819999999998,Overweight_Level_II,0,1
17685.78,Overweight_Level_II,0,1
15698.780000000002,Overweight_Level_II,0,1
15681.879999999997,Overweight_Level_II,0,1
17925.27,Overweight_Level_II,0,1
17953.11,Overweight_Level_II,0,1
17000.379999999997,Overweight_Level_II,0,1
16686.49,Overweight_Level_II,0,1
17138.25,Overweight_Level_II,0,1
18353.809999999998,Overweight_Level_II,0,1
16598.77,Overweight_Level_II,0,1
18369.43,Overweight_Level_II,0,1
18196.14,Overweight_Level_II,0,1
17177.75,Overweight_Level_II,0,1
17918.670000000002,Overweight_Level_II,0,1
16810.8,Overweight_Level_II,0,1
16607.559999999998,Overweight_Level_II,0,1
17692.69,Overweight_Level_II,0,1
17651.88,Overweight_Level_II,0,1
16547.570000000003,Overweight_Level_II,0,1
16477.679999999997,Overweight_Level_II,0,1
16913.03,Overweight_Level_II,0,1
15328.969999999998,Overweight_Level_II,0,1
15652.88,Overweight_Level_II,0,1
15071.06,Overweight_Level_II,0,1
17007.399999999998,Overweight_Level_II,0,1
17151.18,Overweight_Level_II,0,1
16964.23,Overweight_Level_II,0,1
16530.879999999997,Overweight_Level_II,0,1
16818.420000000002,Overweight_Level_II,0,1
16522.02,Overweight_Level_II,0,1
18486.83,Overweight_Level_II,0,1
18356.78,Overweight_Level_II,0,1
15600.29,Overweight_Level_II,0,1
16210.480000000001,Overweight_Level_II,0,1
16994.739999999998,Overweight_Level_II,0,1
17455.28,Overweight_Level_II,0,1
17203.79,Overweight_Level_II,0,1
17587.870000000003,Overweight_Level_II,0,1
17049.08,Overweight_Level_II,0,1
16913.22,Overweight_Level_II,0,1
17862.899999999998,Overweight_Level_II,0,1
17056.170000000002,Overweight_Level_II,0,1
17334.39,Overweight_Level_II,0,1
17334.39,Obesity_Type_I,1,1
17013.97,Overweight_Level_II,0,1
16252.359999999999,Overweight_Level_II,0,1
15451.96,Overweight_Level_II,0,1
18431.72,Overweight_Level_II,0,1
17058.13,Overweight_Level_II,0,1
17041.41,Overweight_Level_II,0,1
17060.82,Overweight_Level_II,0,1
18429.43,Overweight_Level_II,0,1
18809.92,Overweight_Level_II,0,1
17267.74,Overweight_Level_II,0,1
17319.6,Overweight_Level_II,0,1
17512.78,Overweight_Level_II,0,1
17804.48,Overweight_Level_II,0,1
17852.41,Overweight_Level_II,0,1
17188.45,Overweight_Level_II,0,1
15302.48,Overweight_Level_II,0,1
16649.27,Overweight_Level_II,0,1
16733.33,Overweight_Level_II,0,1
17255.87,Overweight_Level_II,0,1
17338.75,Overweight_Level_II,0,1
16759.530000000002,Overweight_Level_II,0,1
17862.379999999997,Overweight_Level_II,0,1
17185.34,Overweight_Level_II,0,1
19195.43,Overweight_Level_II,0,1
17076.13,Overweight_Level_II,0,1
16583.93,Overweight_Level_II,0,1
15368.189999999999,Overweight_Level_II,0,1
18054.59,Overweight_Level_II,0,1
15210.08,Overweight_Level_II,0,1
17447.329999999998,Overweight_Level_II,0,1
15292.230000000001,Overweight_Level_II,0,1
17997.42,Overweight_Level_II,0,1
16813.14,Overweight_Level_II,0,1
17069.120000000003,Overweight_Level_II,0,1
16635.09,Overweight_Level_II,0,1
17522.649999999998,Overweight_Level_II,0,1
17353.43,Overweight_Level_II,0,1
16337.94,Overweight_Level_II,0,1
18567.59,Overweight_Level_II,0,1
17743.3,Overweight_Level_II,0,1
17195.09,Overweight_Level_II,0,1
16582.02,Overweight_Level_II,0,1
16572.210000000003,Overweight_Level_II,0,1
17133.48,Overweight_Level_II,0,1
16771.780000000002,Overweight_Level_II,0,1
16780.5,Overweight_Level_II,0,1
17177.22,Overweight_Level_II,0,1
14864.839999999998,Overweight_Level_II,0,1
15033.789999999999,Overweight_Level_II,0,1
17189.81,Overweight_Level_II,0,1
16883.54,Overweight_Level_II,0,1
16658.07,Overweight_Level_II,0,1
18384.41,Overweight_Level_II,0,1
16534.31,Overweight_Level_II,0,1
16998.18,Overweight_Level_II,0,1
17180.969999999998,Overweight_Level_II,0,1
17313.89,Overweight_Level_II,0,1
16996.670000000002,Overweight_Level_II,0,1
16986.26,Overweight_Level_II,0,1
18237.65,Overweight_Level_II,0,1
17087.420000000002,Overweight_Level_II,0,1
16674.690000000002,Overweight_Level_II,0,1
15881.47,Overweight_Level_II,0,1
18350.239999999998,Overweight_Level_II,0,1
17088.0,Overweight_Level_II,0,1
16809.91,Overweight_Level_II,0,1
18352.710000000003,Overweight_Level_II,0,1
17428.19,Overweight_Level_II,0,1
17411.920000000002,Overweight_Level_II,0,1
17597.210000000003,Overweight_Level_II,0,1
18106.16,Overweight_Level_II,0,1
17631.010000000002,Overweight_Level_II,0,1
15433.38,Overweight_Level_II,0,1
16518.120000000003,Overweight_Level_II,0,1
17324.920000000002,Overweight_Level_II,0,1
17063.489999999998,Overweight_Level_II,0,1
17806.789999999997,Overweight_Level_II,0,1
17586.87,Overweight_Level_II,0,1
17045.729999999996,Overweight_Level_II,0,1
17165.449999999997,Overweight_Level_II,0,1
19038.32,Overweight_Level_II,0,1
17425.379999999997,Overweight_Level_II,0,1
17477.39,Overweight_Level_II,0,1
17170.37,Overweight_Level_II,0,1
15779.210000000001,Overweight_Level_II,0,1
17460.55,Overweight_Level_II,0,1
18411.51,Overweight_Level_II,0,1
15179.98,Overweight_Level_II,0,1
14832.840000000002,Overweight_Level_II,0,1
17589.72,Overweight_Level_II,0,1
15624.34,Overweight_Level_II,0,1
15470.660000000002,Overweight_Level_II,0,1
17924.350000000002,Overweight_Level_II,0,1
17845.55,Overweight_Level_II,0,1
17002.16,Overweight_Level_II,0,1
16721.010000000002,Overweight_Level_II,0,1
17213.48,Overweight_Level_II,0,1
18031.289999999997,Overweight_Level_II,0,1
17000.2,Overweight_Level_II,0,1
17135.99,Overweight_Level_II,0,1
16627.28,Overweight_Level_II,0,1
18373.99,Overweight_Level_II,0,1
18082.7,Overweight_Level_II,0,1
17145.079999999998,Overweight_Level_II,0,1
17934.510000000002,Overweight_Level_II,0,1
17004.99,Overweight_Level_II,0,1
16949.97,Overweight_Level_II,0,1
16889.11,Overweight_Level_II,0,1
16733.940000000002,Overweight_Level_II,0,1
17694.989999999998,Overweight_Level_II,0,1
16626.69,Overweight_Level_II,0,1
16786.1,Overweight_Level_II,0,1
16944.23,Overweight_Level_II,0,1
15054.37,Overweight_Level_II,0,1
15053.87,Overweight_Level_II,0,1
14914.410000000002,Overweight_Level_II,0,1
15094.08,Overweight_Level_II,0,1
16850.449999999997,Overweight_Level_II,0,1
17230.72,Overweight_Level_II,0,1
16969.54,Overweight_Level_II,0,1
16760.95,Overweight_Level_II,0,1
16810.21,Overweight_Level_II,0,1
16540.67,Overweight_Level_II,0,1
18407.079999999998,Overweight_Level_II,0,1
18360.07,Overweight_Level_II,0,1
15567.89,Overweight_Level_II,0,1
15891.0,Overweight_Level_II,0,1
17006.27,Overweight_Level_II,0,1
17439.35,Overweight_Level_II,0,1
17426.54,Overweight_Level_II,0,1
17544.41,Overweight_Level_II,0,1
17193.420000000002,Overweight_Level_II,0,1
16822.53,Overweight_Level_II,0,1
17999.02,Overweight_Level_II,0,1
17094.28,Overweight_Level_II,0,1
17524.56,Overweight_Level_II,0,1
16859.47,Overweight_Level_II,0,1
15999.99,Overweight_Level_II,0,1
15500.529999999997,Overweight_Level_II,0,1
18280.920000000002,Overweight_Level_II,0,1
17133.8,Overweight_Level_II,0,1
16807.64,Overweight_Level_II,0,1
17055.84,Overweight_Level_II,0,1
18418.52,Overweight_Level_II,0,1
18349.86,Overweight_Level_II,0,1
17248.39,Overweight_Level_II,0,1
16851.27,Overweight_Level_II,0,1
17500.97,Overweight_Level_II,0,1
17579.61,Overweight_Level_II,0,1
18489.65,Overweight_Level_II,0,1
17891.93,Overweight_Level_II,0,1
17166.77,Overweight_Level_II,0,1
15501.220000000001,Overweight_Level_II,0,1
16631.78,Overweight_Level_II,0,1
16792.99,Overweight_Level_II,0,1
17291.77,Overweight_Level_II,0,1
17191.53,Overweight_Level_II,0,1
16873.260000000002,Overweight_Level_II,0,1
17724.49,Obesity_Type_I,0,1
18371.170000000002,Obesity_Type_I,0,1
17843.77,Obesity_Type_I,0,1
17925.07,Obesity_Type_I,0,1
15565.789999999999,Obesity_Type_I,0,1
15855.47,Obesity_Type_I,0,1
15692.340000000002,Obesity_Type_I,0,1
15839.430000000002,Obesity_Type_I,0,1
16212.33,Obesity_Type_I,0,1
16084.0,Obesity_Type_I,0,1
16500.52,Obesity_Type_I,0,1
16441.61,Obesity_Type_I,0,1
15594.989999999998,Obesity_Type_I,0,1
17342.37,Obesity_Type_I,0,1
17758.15,Obesity_Type_I,0,1
16404.26,Obesity_Type_I,0,1
17533.21,Obesity_Type_I,0,1
15530.260000000002,Obesity_Type_I,0,1
17065.25,Obesity_Type_I,0,1
15606.48,Obesity_Type_I,0,1
16733.519999999997,Obesity_Type_I,0,1
16603.239999999998,Obesity_Type_I,0,1
17863.18,Obesity_Type_I,0,1
17576.909999999996,Obesity_Type_I,0,1
17121.63,Obesity_Type_I,0,1
16108.199999999999,Obesity_Type_I,0,1
16651.99,Obesity_Type_I,0,1
15421.22,Obesity_Type_I,0,1
15078.67,Obesity_Type_I,0,1
16609.55,Obesity_Type_I,0,1
15531.27,Obesity_Type_I,0,1
17819.52,Obesity_Type_I,0,1
16158.539999999999,Obesity_Type_I,0,1
17933.78,Obesity_Type_I,0,1
18547.8,Obesity_Type_I,0,1
16856.329999999998,Obesity_Type_I,0,1
17063.43,Obesity_Type_I,0,1
17914.15,Obesity_Type_I,0,1
17537.16,Obesity_Type_I,0,1
17805.03,Obesity_Type_I,0,1
18198.67,Obesity_Type_I,0,1
17911.74,Obesity_Type_I,0,1
18209.3,Obesity_Type_I,0,1
16278.12,Obesity_Type_I,0,1
16321.179999999998,Obesity_Type_I,0,1
17735.94,Obesity_Type_I,0,1
19304.16,Obesity_Type_I,0,1
19474.06,Obesity_Type_I,0,1
16108.67,Obesity_Type_I,0,1
15132.02,Obesity_Type_I,0,1
17384.649999999998,Obesity_Type_I,0,1
15679.149999999998,Obesity_Type_I,0,1
15875.46,Obesity_Type_I,0,1
18203.85,Obesity_Type_I,0,1
17922.39,Obesity_Type_I,0,1
18269.7,Obesity_Type_I,0,1
16700.579999999998,Obesity_Type_I,0,1
16393.829999999998,Obesity_Type_I,0,1
16829.160000000003,Obesity_Type_I,0,1
16093.21,Obesity_Type_I,0,1
16904.37,Obesity_Type_I,0,1
17001.64,Obesity_Type_I,0,1
16007.400000000001,Obesity_Type_I,0,1
18018.48,Obesity_Type_I,0,1
18447.51,Obesity_Type_I,0,1
18116.02,Obesity_Type_I,0,1
17875.21,Obesity_Type_I,0,1
17891.09,Obesity_Type_I,0,1
15333.64,Obesity_Type_I,0,1
15808.58,Obesity_Type_I,0,1
16463.9,Obesity_Type_I,0,1
16437.86,Obesity_Type_I,0,1
16343.42,Obesity_Type_I,0,1
16048.929999999998,Obesity_Type_I,0,1
16549.609999999997,Obesity_Type_I,0,1
17019.86,Obesity_Type_I,0,1
16579.95,Obesity_Type_I,0,1
16346.88,Obesity_Type_I,0,1
16281.68,Obesity_Type_I,0,1
15578.08,Obesity_Type_I,0,1
15601.989999999998,Obesity_Type_I,0,1
17503.84,Obesity_Type_I,0,1
17530.81,Obesity_Type_I,0,1
16500.120000000003,Obesity_Type_I,0,1
16348.320000000002,Obesity_Type_I,0,1
17701.260000000002,Obesity_Type_I,0,1
17581.890000000003,Obesity_Type_I,0,1
15951.650000000001,Obesity_Type_I,0,1
15677.56,Obesity_Type_I,0,1
17028.25,Obesity_Type_I,0,1
17356.59,Obesity_Type_I,0,1
16290.1,Obesity_Type_I,0,1
16153.85,Obesity_Type_I,0,1
16717.05,Obesity_Type_I,0,1
16765.95,Obesity_Type_I,0,1
16999.98,Obesity_Type_I,0,1
17227.850000000002,Obesity_Type_I,0,1
16706.67,Obesity_Type_I,0,1
17899.920000000002,Obesity_Type_I,0,1
17688.34,Obesity_Type_I,0,1
17610.079999999998,Obesity_Type_I,0,1
18102.15,Obesity_Type_I,0,1
16084.69,Obesity_Type_I,0,1
16303.570000000002,Obesity_Type_I,0,1
16282.599999999999,Obesity_Type_I,0,1
16056.619999999999,Obesity_Type_I,0,1
15679.730000000001,Obesity_Type_I,0,1
15484.029999999999,Obesity_Type_I,0,1
16818.550000000003,Obesity_Type_I,0,1
16884.36,Obesity_Type_I,0,1
15771.15,Obesity_Type_I,0,1
15867.510000000002,Obesity_Type_I,0,1
17106.16,Obesity_Type_I,0,1
17213.84,Obesity_Type_I,0,1
16243.67,Obesity_Type_I,0,1
16227.869999999999,Obesity_Type_I,0,1
18554.33,Obesity_Type_I,0,1
18563.149999999998,Obesity_Type_I,0,1
16817.19,Obesity_Type_I,0,1
17228.84,Obesity_Type_I,0,1
17994.06,Obesity_Type_I,0,1
18198.75,Obesity_Type_I,0,1
17901.72,Obesity_Type_I,0,1
17837.82,Obesity_Type_I,0,1
17839.06,Obesity_Type_I,0,1
18442.18,Obesity_Type_I,0,1
16316.62,Obesity_Type_I,0,1
16495.53,Obesity_Type_I,0,1
17547.109999999997,Obesity_Type_I,0,1
17625.149999999998,Obesity_Type_I,0,1
19427.25,Obesity_Type_I,0,1
19756.629999999997,Obesity_Type_I,0,1
15863.01,Obesity_Type_I,0,1
15984.480000000001,Obesity_Type_I,0,1
17030.98,Obesity_Type_I,0,1
17069.96,Obesity_Type_I,0,1
15264.72,Obesity_Type_I,0,1
15019.93,Obesity_Type_I,0,1
17844.02,Obesity_Type_I,0,1
17926.87,Obesity_Type_I,0,1
18140.52,Obesity_Type_I,0,1
17894.21,Obesity_Type_I,0,1
16869.039999999997,Obesity_Type_I,0,1
17032.59,Obesity_Type_I,0,1
16657.979999999996,Obesity_Type_I,0,1
16667.1,Obesity_Type_I,0,1
16494.390000000003,Obesity_Type_I,0,1
17020.02,Obesity_Type_I,0,1
16938.2,Obesity_Type_I,0,1
16229.990000000002,Obesity_Type_I,0,1
16336.75,Obesity_Type_I,0,1
17983.54,Obesity_Type_I,0,1
18244.320000000003,Obesity_Type_I,0,1
18303.84,Obesity_Type_I,0,1
18299.07,Obesity_Type_I,0,1
18237.55,Obesity_Type_I,0,1
18348.420000000002,Obesity_Type_I,0,1
17839.01,Obesity_Type_I,0,1
17820.670000000002,Obesity_Type_I,0,1
17810.32,Obesity_Type_I,0,1
15579.430000000002,Obesity_Type_I,0,1
15602.58,Obesity_Type_I,0,1
15965.86,Obesity_Type_I,0,1
16209.3,Obesity_Type_I,0,1
15714.170000000002,Obesity_Type_I,0,1
15843.22,Obesity_Type_I,0,1
15825.23,Obesity_Type_I,0,1
15727.91,Obesity_Type_I,0,1
16279.079999999998,Obesity_Type_I,0,1
16209.38,Obesity_Type_I,0,1
16131.19,Obesity_Type_I,0,1
16268.6,Obesity_Type_I,0,1
17281.829999999998,Obesity_Type_I,0,1
17326.94,Obesity_Type_I,0,1
16691.300000000003,Obesity_Type_I,0,1
16691.36,Obesity_Type_I,0,1
16110.580000000002,Obesity_Type_I,0,1
16497.36,Obesity_Type_I,0,1
15326.429999999998,Obesity_Type_I,0,1
15242.929999999998,Obesity_Type_I,0,1
17016.34,Obesity_Type_I,0,1
17239.21,Obesity_Type_I,0,1
17694.84,Obesity_Type_I,0,1
17774.16,Obesity_Type_I,0,1
16445.6,Obesity_Type_I,0,1
16411.49,Obesity_Type_I,0,1
16428.92,Obesity_Type_I,0,1
17772.51,Obesity_Type_I,0,1
18146.960000000003,Obesity_Type_I,0,1
15590.05,Obesity_Type_I,0,1
15560.28,Obesity_Type_I,0,1
16537.510000000002,Obesity_Type_I,0,1
16801.71,Obesity_Type_I,0,1
15526.480000000001,Obesity_Type_I,0,1
15602.15,Obesity_Type_I,0,1
16729.59,Obesity_Type_I,0,1
16800.579999999998,Obesity_Type_I,0,1
16647.52,Obesity_Type_I,0,1
16685.53,Obesity_Type_I,0,1
17852.859999999997,Obesity_Type_I,0,1
17807.25,Obesity_Type_I,0,1
17510.46,Obesity_Type_I,0,1
17513.65,Obesity_Type_I,0,1
17172.62,Obesity_Type_I,0,1
17413.93,Obesity_Type_I,0,1
17921.0,Obesity_Type_I,0,1
17859.57,Obesity_Type_I,0,1
16090.68,Obesity_Type_I,0,1
16039.63,Obesity_Type_I,0,1
16054.949999999999,Obesity_Type_I,0,1
16071.820000000003,Obesity_Type_I,0,1
16617.15,Obesity_Type_I,0,1
16557.420000000002,Obesity_Type_I,0,1
15492.57,Obesity_Type_I,0,1
15497.48,Obesity_Type_I,0,1
15290.6,Obesity_Type_I,0,1
15172.48,Obesity_Type_I,0,1
16573.1,Obesity_Type_I,0,1
16732.87,Obesity_Type_I,0,1
15815.269999999999,Obesity_Type_I,0,1
15627.24,Obesity_Type_I,0,1
17812.510000000002,Obesity_Type_I,0,1
17755.84,Obesity_Type_I,0,1
17466.45,Obesity_Type_I,0,1
17413.53,Obesity_Type_I,0,1
15718.119999999999,Obesity_Type_I,0,1
15890.27,Obesity_Type_I,0,1
18032.45,Obesity_Type_I,0,1
17926.46,Obesity_Type_I,0,1
18719.9,Obesity_Type_I,0,1
18590.559999999998,Obesity_Type_I,0,1
16922.42,Obesity_Type_I,0,1
16830.0,Obesity_Type_I,0,1
17383.97,Obesity_Type_I,0,1
16949.69,Obesity_Type_I,0,1
17857.18,Obesity_Type_I,0,1
17425.0,Obesity_Type_I,0,1
18031.32,Obesity_Type_I,0,1
17746.440000000002,Obesity_Type_I,0,1
17822.69,Obesity_Type_I,0,1
17807.91,Obesity_Type_I,0,1
17901.510000000002,Obesity_Type_I,0,1
18186.41,Obesity_Type_I,0,1
18068.269999999997,Obesity_Type_I,0,1
18111.89,Obesity_Type_I,0,1
18117.38,Obesity_Type_I,0,1
17997.79,Obesity_Type_I,0,1
16326.050000000001,Obesity_Type_I,0,1
16233.77,Obesity_Type_I,0,1
16186.86,Obesity_Type_I,0,1
16160.849999999999,Obesity_Type_I,0,1
17693.280000000002,Obesity_Type_I,0,1
18070.29,Obesity_Type_I,0,1
18825.329999999998,Obesity_Type_I,0,1
18791.44,Obesity_Type_I,0,1
19312.629999999997,Obesity_Type_I,0,1
18613.58,Obesity_Type_I,0,1
15671.31,Obesity_Type_I,0,1
15653.66,Obesity_Type_I,0,1
15160.070000000002,Obesity_Type_I,0,1
15498.12,Obesity_Type_I,0,1
17141.43,Obesity_Type_I,0,1
17231.91,Obesity_Type_I,0,1
15628.889999999998,Obesity_Type_I,0,1
15026.090000000002,Obesity_Type_I,0,1
15449.369999999999,Obesity_Type_I,0,1
15923.160000000002,Obesity_Type_I,0,1
17877.33,Obesity_Type_I,0,1
17827.22,Obesity_Type_I,0,1
17975.23,Obesity_Type_I,0,1
18035.27,Obesity_Type_I,0,1
18012.24,Obesity_Type_I,0,1
18012.24,Obesity_Type_II,1,1
18292.39,Obesity_Type_I,0,1
16929.129999999997,Obesity_Type_I,0,1
16685.55,Obesity_Type_I,0,1
16529.71,Obesity_Type_I,0,1
16612.769999999997,Obesity_Type_I,0,1
16417.839999999997,Obesity_Type_I,0,1
16737.67,Obesity_Type_I,0,1
16171.92,Obesity_Type_I,0,1
16021.289999999999,Obesity_Type_I,0,1
17014.13,Obesity_Type_I,0,1
17097.309999999998,Obesity_Type_I,0,1
16988.29,Obesity_Type_I,0,1
17053.039999999997,Obesity_Type_I,0,1
16129.1,Obesity_Type_I,0,1
16054.689999999999,Obesity_Type_I,0,1
18041.6,Obesity_Type_I,0,1
17850.62,Obesity_Type_I,0,1
17559.260000000002,Obesity_Type_II,0,1
17878.019999999997,Obesity_Type_II,0,1
17048.77,Obesity_Type_II,0,1
16953.469999999998,Obesity_Type_II,0,1
19086.08,Obesity_Type_II,0,1
18192.96,Obesity_Type_II,0,1
17732.59,Obesity_Type_II,0,1
17746.47,Obesity_Type_II,0,1
17736.64,Obesity_Type_II,0,2
17934.76,Obesity_Type_II,0,1
18255.9,Obesity_Type_II,0,2
18855.429999999997,Obesity_Type_II,0,1
18740.699999999997,Obesity_Type_II,0,1
17559.67,Obesity_Type_II,0,1
17570.69,Obesity_Type_II,0,1
17040.280000000002,Obesity_Type_II,0,1
18490.03,Obesity_Type_II,0,1
18419.89,Obesity_Type_II,0,1
16134.91,Obesity_Type_II,0,1
16478.21,Obesity_Type_II,0,1
17583.4,Obesity_Type_II,0,1
17583.98,Obesity_Type_II,0,1
16707.74,Obesity_Type_II,0,1
16655.850000000002,Obesity_Type_II,0,1
19141.86,Obesity_Type_II,0,1
18995.88,Obesity_Type_II,0,1
17929.98,Obesity_Type_II,0,1
18272.79,Obesity_Type_II,0,1
17754.160000000003,Obesity_Type_II,0,1
17669.75,Obesity_Type_II,0,1
17542.18,Obesity_Type_II,0,1
17549.96,Obesity_Type_II,0,1
17481.03,Obesity_Type_II,0,1
17332.5,Obesity_Type_II,0,1
18499.5,Obesity_Type_II,0,1
18496.010000000002,Obesity_Type_II,0,1
16060.659999999998,Obesity_Type_II,0,1
16114.340000000002,Obesity_Type_II,0,1
17628.87,Obesity_Type_II,0,1
17559.379999999997,Obesity_Type_II,0,2
17870.52,Obesity_Type_II,0,1
17652.58,Obesity_Type_II,0,1
17262.789999999997,Obesity_Type_II,0,1
17358.510000000002,Obesity_Type_II,0,1
16997.930000000004,Obesity_Type_II,0,1
17032.02,Obesity_Type_II,0,1
19068.210000000003,Obesity_Type_II,0,1
19109.870000000003,Obesity_Type_II,0,1
17840.489999999998,Obesity_Type_II,0,1
17839.14,Obesity_Type_II,0,1
18638.829999999998,Obesity_Type_II,0,1
18122.59,Obesity_Type_II,0,1
17501.5,Obesity_Type_II,0,2
18153.47,Obesity_Type_II,0,1
17670.77,Obesity_Type_II,0,1
17624.61,Obesity_Type_II,0,1
17790.489999999998,Obesity_Type_II,0,1
17807.31,Obesity_Type_II,0,1
18725.17,Obesity_Type_II,0,1
18768.98,Obesity_Type_II,0,1
17755.8,Obesity_Type_II,0,1
17656.899999999998,Obesity_Type_II,0,1
17597.719999999998,Obesity_Type_II,0,1
18235.45,Obesity_Type_II,0,1
18689.229999999996,Obesity_Type_II,0,1
17715.1,Obesity_Type_II,0,1
17721.899999999998,Obesity_Type_II,0,1
18582.65,Obesity_Type_II,0,1
18305.96,Obesity_Type_II,0,1
17658.36,Obesity_Type_II,0,1
17702.780000000002,Obesity_Type_II,0,1
16734.91,Obesity_Type_II,0,1
17033.46,Obesity_Type_II,0,1
18429.059999999998,Obesity_Type_II,0,1
17795.47,Obesity_Type_II,0,1
18733.679999999997,Obesity_Type_II,0,1
17559.02,Obesity_Type_II,0,1
16176.550000000001,Obesity_Type_II,0,1
16445.17,Obesity_Type_II,0,1
17012.84,Obesity_Type_II,0,1
16589.100000000002,Obesity_Type_II,0,1
17593.24,Obesity_Type_II,0,1
17583.82,Obesity_Type_II,0,1
16222.970000000001,Obesity_Type_II,0,1
16232.779999999999,Obesity_Type_II,0,1
19188.590000000004,Obesity_Type_II,0,1
19132.52,Obesity_Type_II,0,1
17849.940000000002,Obesity_Type_II,0,1
17925.329999999998,Obesity_Type_II,0,1
18297.570000000003,Obesity_Type_II,0,1
17964.15,Obesity_Type_II,0,1
17623.89,Obesity_Type_II,0,1
18257.18,Obesity_Type_II,0,1
18396.989999999998,Obesity_Type_II,0,1
17494.050000000003,Obesity_Type_II,0,1
18499.98,Obesity_Type_II,0,1
18499.8,Obesity_Type_II,0,1
16079.390000000001,Obesity_Type_II,0,1
16032.26,Obesity_Type_II,0,1
17706.63,Obesity_Type_II,0,1
17580.38,Obesity_Type_II,0,1
17869.97,Obesity_Type_II,0,1
17718.370000000003,Obesity_Type_II,0,1
17223.96,Obesity_Type_II,0,1
17013.87,Obesity_Type_II,0,1
16974.21,Obesity_Type_II,0,1
16974.21,Obesity_Type_III,1,1
16963.649999999998,Obesity_Type_II,0,1
19091.98,Obesity_Type_II,0,1
19091.050000000003,Obesity_Type_II,0,1
18013.68,Obesity_Type_II,0,1
18602.920000000002,Obesity_Type_II,0,1
18195.35,Obesity_Type_II,0,1
17931.739999999998,Obesity_Type_II,0,1
17549.56,Obesity_Type_II,0,1
17731.149999999998,Obesity_Type_II,0,1
17727.31,Obesity_Type_II,0,1
17879.329999999998,Obesity_Type_II,0,1
17852.77,Obesity_Type_II,0,1
18175.719999999998,Obesity_Type_II,0,1
18434.2,Obesity_Type_II,0,1
18745.19,Obesity_Type_II,0,1
17963.320000000003,Obesity_Type_II,0,1
17562.21,Obesity_Type_II,0,1
17571.32,Obesity_Type_II,0,1
18891.039999999997,Obesity_Type_II,0,1
18693.23,Obesity_Type_II,0,1
17571.54,Obesity_Type_II,0,1
17644.84,Obesity_Type_II,0,1
17747.75,Obesity_Type_II,0,1
17699.33,Obesity_Type_II,0,1
17601.75,Obesity_Type_II,0,1
17630.29,Obesity_Type_II,0,1
16795.15,Obesity_Type_II,0,1
16993.54,Obesity_Type_II,0,1
18493.07,Obesity_Type_II,0,1
18674.100000000002,Obesity_Type_II,0,1
18671.4,Obesity_Type_II,0,1
18485.53,Obesity_Type_II,0,1
16198.099999999999,Obesity_Type_II,0,1
16478.07,Obesity_Type_II,0,1
16191.28,Obesity_Type_II,0,1
16418.699999999997,Obesity_Type_II,0,1
17873.79,Obesity_Type_II,0,1
17583.55,Obesity_Type_II,0,1
17641.4,Obesity_Type_II,0,1
17671.859999999997,Obesity_Type_II,0,1
16778.2,Obesity_Type_II,0,1
16684.78,Obesity_Type_II,0,1
16854.62,Obesity_Type_II,0,1
16946.420000000002,Obesity_Type_II,0,1
18861.09,Obesity_Type_II,0,1
19150.0,Obesity_Type_II,0,1
18419.08,Obesity_Type_II,0,1
18681.27,Obesity_Type_II,0,1
17516.88,Obesity_Type_II,0,1
17553.329999999998,Obesity_Type_II,0,1
17542.17,Obesity_Type_II,0,1
17607.1,Obesity_Type_II,0,1
17651.37,Obesity_Type_II,0,1
17882.39,Obesity_Type_II,0,1
17671.21,Obesity_Type_II,0,1
18400.39,Obesity_Type_II,0,1
18249.010000000002,Obesity_Type_II,0,1
18283.91,Obesity_Type_II,0,1
18295.29,Obesity_Type_II,0,1
17793.25,Obesity_Type_II,0,1
17811.39,Obesity_Type_II,0,1
17641.66,Obesity_Type_II,0,1
17547.96,Obesity_Type_II,0,1
17565.09,Obesity_Type_II,0,1
17567.72,Obesity_Type_II,0,1
17544.390000000003,Obesity_Type_II,0,1
17551.42,Obesity_Type_II,0,1
17067.41,Obesity_Type_II,0,1
17428.5,Obesity_Type_II,0,1
16811.0,Obesity_Type_II,0,1
17056.82,Obesity_Type_II,0,1
18495.07,Obesity_Type_II,0,1
18533.73,Obesity_Type_II,0,1
18475.3,Obesity_Type_II,0,1
18703.399999999998,Obesity_Type_II,0,1
16077.87,Obesity_Type_II,0,1
16030.91,Obesity_Type_II,0,1
16201.09,Obesity_Type_II,0,1
16106.47,Obesity_Type_II,0,1
17586.18,Obesity_Type_II,0,1
17632.59,Obesity_Type_II,0,1
17641.38,Obesity_Type_II,0,1
17559.6,Obesity_Type_II,0,1
17833.81,Obesity_Type_II,0,1
17865.32,Obesity_Type_II,0,1
17666.26,Obesity_Type_II,0,1
17654.64,Obesity_Type_II,0,1
17585.3,Obesity_Type_II,0,1
17585.39,Obesity_Type_II,0,1
17480.15,Obesity_Type_II,0,1
17449.74,Obesity_Type_II,0,1
17015.66,Obesity_Type_II,0,1
16964.12,Obesity_Type_II,0,1
16804.89,Obesity_Type_II,0,1
17033.17,Obesity_Type_II,0,1
18777.32,Obesity_Type_II,0,1
19096.39,Obesity_Type_II,0,1
19091.88,Obesity_Type_II,0,1
19106.719999999998,Obesity_Type_II,0,1
17791.36,Obesity_Type_II,0,1
17674.850000000002,Obesity_Type_II,0,1
17839.53,Obesity_Type_II,0,1
17671.4,Obesity_Type_II,0,1
18161.97,Obesity_Type_II,0,1
18399.41,Obesity_Type_II,0,1
18484.199999999997,Obesity_Type_II,0,1
18303.17,Obesity_Type_II,0,1
17500.85,Obesity_Type_II,0,1
17635.82,Obesity_Type_II,0,1
18165.469999999998,Obesity_Type_II,0,1
18054.45,Obesity_Type_II,0,1
17701.24,Obesity_Type_II,0,1
17727.4,Obesity_Type_II,0,1
17632.149999999998,Obesity_Type_II,0,1
17665.47,Obesity_Type_II,0,1
17731.809999999998,Obesity_Type_II,0,1
17600.3,Obesity_Type_II,0,1
17800.89,Obesity_Type_II,0,1
17669.46,Obesity_Type_II,0,1
18851.19,Obesity_Type_II,0,1
18282.76,Obesity_Type_II,0,1
18062.27,Obesity_Type_II,0,1
18129.19,Obesity_Type_II,0,1
18597.17,Obesity_Type_II,0,1
18651.6,Obesity_Type_II,0,1
17836.09,Obesity_Type_II,0,1
17948.27,Obesity_Type_II,0,1
17596.47,Obesity_Type_II,0,1
17735.21,Obesity_Type_II,0,1
17533.27,Obesity_Type_II,0,1
17610.68,Obesity_Type_II,0,1
18488.45,Obesity_Type_II,0,1
18428.12,Obesity_Type_II,0,1
18254.49,Obesity_Type_II,0,1
18619.8,Obesity_Type_II,0,1
17639.87,Obesity_Type_II,0,1
17615.190000000002,Obesity_Type_II,0,1
17720.45,Obesity_Type_II,0,1
17718.170000000002,Obesity_Type_II,0,1
17985.8,Obesity_Type_II,0,1
17885.86,Obesity_Type_II,0,1
18032.07,Obesity_Type_II,0,1
18365.92,Obesity_Type_II,0,1
17629.21,Obesity_Type_II,0,1
17528.63,Obesity_Type_II,0,1
17682.35,Obesity_Type_II,0,1
17668.88,Obesity_Type_II,0,1
16902.62,Obesity_Type_II,0,1
17129.05,Obesity_Type_II,0,1
16957.35,Obesity_Type_II,0,1
18299.71,Obesity_Type_II,0,1
18462.899999999998,Obesity_Type_II,0,1
17749.83,Obesity_Type_II,0,1
17896.8,Obesity_Type_II,0,1
18526.64,Obesity_Type_II,0,1
18725.61,Obesity_Type_II,0,1
18195.5,Obesity_Type_II,0,1
18155.14,Obesity_Type_II,0,1
16140.75,Obesity_Type_II,0,1
16094.18,Obesity_Type_II,0,1
16501.89,Obesity_Type_II,0,1
16538.76,Obesity_Type_II,0,1
16571.32,Obesity_Type_II,0,1
16447.51,Obesity_Type_II,0,1
16607.61,Obesity_Type_II,0,1
16915.100000000002,Obesity_Type_II,0,1
16114.619999999999,Obesity_Type_III,0,1
15847.819999999998,Obesity_Type_III,0,1
17923.78,Obesity_Type_III,0,1
18022.57,Obesity_Type_III,0,1
16563.2,Obesity_Type_III,0,1
16007.62,Obesity_Type_III,0,1
16786.58,Obesity_Type_III,0,1
16782.01,Obesity_Type_III,0,1
16556.3,Obesity_Type_III,0,1
16949.52,Obesity_Type_III,0,1
16227.71,Obesity_Type_III,0,1
15838.890000000001,Obesity_Type_III,0,1
17290.449999999997,Obesity_Type_III,0,1
16646.22,Obesity_Type_III,0,1
17477.73,Obesity_Type_III,0,1
17301.13,Obesity_Type_III,0,1
17466.52,Obesity_Type_III,0,1
17193.649999999998,Obesity_Type_III,0,1
16323.769999999999,Obesity_Type_III,0,1
16425.719999999998,Obesity_Type_III,0,1
16548.75,Obesity_Type_III,0,1
16275.67,Obesity_Type_III,0,1
17362.76,Obesity_Type_III,0,1
17370.56,Obesity_Type_III,0,1
15809.68,Obesity_Type_III,0,1
16071.279999999999,Obesity_Type_III,0,1
18215.66,Obesity_Type_III,0,1
18277.3,Obesity_Type_III,0,1
16565.04,Obesity_Type_III,0,1
16377.25,Obesity_Type_III,0,1
16697.010000000002,Obesity_Type_III,0,1
16687.09,Obesity_Type_III,0,1
16686.42,Obesity_Type_III,0,1
16906.14,Obesity_Type_III,0,1
16224.179999999998,Obesity_Type_III,0,1
16433.32,Obesity_Type_III,0,1
17333.83,Obesity_Type_III,0,1
17483.13,Obesity_Type_III,0,1
18129.63,Obesity_Type_III,0,1
18073.399999999998,Obesity_Type_III,0,1
17456.440000000002,Obesity_Type_III,0,1
17532.66,Obesity_Type_III,0,1
16321.93,Obesity_Type_III,0,1
16410.98,Obesity_Type_III,0,1
16407.41,Obesity_Type_III,0,1
16185.730000000001,Obesity_Type_III,0,1
17574.420000000002,Obesity_Type_III,0,1
17633.43,Obesity_Type_III,0,1
16100.86,Obesity_Type_III,0,1
16644.63,Obesity_Type_III,0,1
16020.250000000002,Obesity_Type_III,0,1
16328.959999999997,Obesity_Type_III,0,1
17710.43,Obesity_Type_III,0,1
17895.55,Obesity_Type_III,0,1
18017.46,Obesity_Type_III,0,1
17871.95,Obesity_Type_III,0,1
16441.410000000003,Obesity_Type_III,0,1
16433.55,Obesity_Type_III,0,1
16237.07,Obesity_Type_III,0,1
16106.36,Obesity_Type_III,0,1
16294.910000000002,Obesity_Type_III,0,1
16847.68,Obesity_Type_III,0,1
16649.4,Obesity_Type_III,0,1
16556.46,Obesity_Type_III,0,1
16661.94,Obesity_Type_III,0,1
17075.079999999998,Obesity_Type_III,0,1
17541.739999999998,Obesity_Type_III,0,1
17141.93,Obesity_Type_III,0,1
16243.9,Obesity_Type_III,0,1
16388.36,Obesity_Type_III,0,1
16212.45,Obesity_Type_III,0,1
16235.139999999998,Obesity_Type_III,0,1
17362.15,Obesity_Type_III,0,1
17329.51,Obesity_Type_III,0,1
16913.5,Obesity_Type_III,0,1
16350.62,Obesity_Type_III,0,1
17460.61,Obesity_Type_III,0,1
17465.289999999997,Obesity_Type_III,0,1
17465.16,Obesity_Type_III,0,1
17511.18,Obesity_Type_III,0,1
17410.14,Obesity_Type_III,0,1
17485.329999999998,Obesity_Type_III,0,1
16947.26,Obesity_Type_III,0,1
16745.15,Obesity_Type_III,0,1
16313.32,Obesity_Type_III,0,1
16419.18,Obesity_Type_III,0,1
16401.25,Obesity_Type_III,0,1
16491.78,Obesity_Type_III,0,1
16034.04,Obesity_Type_III,0,1
16441.989999999998,Obesity_Type_III,0,1
16289.089999999998,Obesity_Type_III,0,1
16280.190000000002,Obesity_Type_III,0,1
17181.800000000003,Obesity_Type_III,0,1
17085.809999999998,Obesity_Type_III,0,1
17249.83,Obesity_Type_III,0,1
17399.91,Obesity_Type_III,0,1
15685.43,Obesity_Type_III,0,1
15798.929999999998,Obesity_Type_III,0,1
17827.14,Obesity_Type_III,0,1
17938.24,Obesity_Type_III,0,1
16595.57,Obesity_Type_III,0,1
16578.2,Obesity_Type_III,0,1
16840.820000000003,Obesity_Type_III,0,1
16839.5,Obesity_Type_III,0,1
17165.21,Obesity_Type_III,0,1
16807.62,Obesity_Type_III,0,1
16233.029999999999,Obesity_Type_III,0,1
16318.56,Obesity_Type_III,0,1
17474.789999999997,Obesity_Type_III,0,1
17824.530000000002,Obesity_Type_III,0,1
18098.71,Obesity_Type_III,0,1
18036.769999999997,Obesity_Type_III,0,1
17456.02,Obesity_Type_III,0,1
17510.38,Obesity_Type_III,0,1
16315.470000000001,Obesity_Type_III,0,1
16359.05,Obesity_Type_III,0,1
16169.75,Obesity_Type_III,0,1
16278.800000000001,Obesity_Type_III,0,1
17641.6,Obesity_Type_III,0,1
17638.469999999998,Obesity_Type_III,0,1
16088.08,Obesity_Type_III,0,1
16104.88,Obesity_Type_III,0,1
16212.310000000001,Obesity_Type_III,0,1
16423.920000000002,Obesity_Type_III,0,1
18019.829999999998,Obesity_Type_III,0,1
17876.14,Obesity_Type_III,0,1
18014.78,Obesity_Type_III,0,1
18075.76,Obesity_Type_III,0,1
16501.25,Obesity_Type_III,0,1
16526.74,Obesity_Type_III,0,1
16636.32,Obesity_Type_III,0,1
16278.18,Obesity_Type_III,0,1
16687.7,Obesity_Type_III,0,1
16420.98,Obesity_Type_III,0,1
16575.7,Obesity_Type_III,0,1
16431.11,Obesity_Type_III,0,1
16755.62,Obesity_Type_III,0,1
16614.15,Obesity_Type_III,0,1
17131.329999999998,Obesity_Type_III,0,1
17199.0,Obesity_Type_III,0,1
16227.009999999998,Obesity_Type_III,0,1
16224.68,Obesity_Type_III,0,1
16188.670000000002,Obesity_Type_III,0,1
16009.05,Obesity_Type_III,0,1
17306.36,Obesity_Type_III,0,1
17297.190000000002,Obesity_Type_III,0,1
16776.72,Obesity_Type_III,0,1
16375.24,Obesity_Type_III,0,1
17387.170000000002,Obesity_Type_III,0,1
17411.93,Obesity_Type_III,0,1
17928.329999999998,Obesity_Type_III,0,1
18104.27,Obesity_Type_III,0,1
17435.89,Obesity_Type_III,0,1
17479.62,Obesity_Type_III,0,1
17114.6,Obesity_Type_III,0,1
16854.82,Obesity_Type_III,0,1
16392.510000000002,Obesity_Type_III,0,1
16547.84,Obesity_Type_III,0,1
16412.09,Obesity_Type_III,0,1
16431.67,Obesity_Type_III,0,1
16307.300000000001,Obesity_Type_III,0,1
16498.67,Obesity_Type_III,0,1
16135.740000000002,Obesity_Type_III,0,1
16275.32,Obesity_Type_III,0,1
17266.06,Obesity_Type_III,0,1
17214.760000000002,Obesity_Type_III,0,1
17429.01,Obesity_Type_III,0,1
17373.13,Obesity_Type_III,0,1
16241.399999999998,Obesity_Type_III,0,1
16440.78,Obesity_Type_III,0,1
15925.29,Obesity_Type_III,0,1
16077.34,Obesity_Type_III,0,1
18172.71,Obesity_Type_III,0,1
18087.649999999998,Obesity_Type_III,0,1
18172.31,Obesity_Type_III,0,1
18197.28,Obesity_Type_III,0,1
16564.65,Obesity_Type_III,0,1
16481.43,Obesity_Type_III,0,1
16227.029999999999,Obesity_Type_III,0,1
16406.059999999998,Obesity_Type_III,0,1
16835.02,Obesity_Type_III,0,1
16690.39,Obesity_Type_III,0,1
16736.65,Obesity_Type_III,0,1
16689.31,Obesity_Type_III,0,1
17009.96,Obesity_Type_III,0,1
17340.92,Obesity_Type_III,0,1
17082.91,Obesity_Type_III,0,1
17164.97,Obesity_Type_III,0,1
16249.499999999998,Obesity_Type_III,0,1
15947.76,Obesity_Type_III,0,1
16265.030000000002,Obesity_Type_III,0,1
16245.760000000002,Obesity_Type_III,0,1
17290.989999999998,Obesity_Type_III,0,1
17358.100000000002,Obesity_Type_III,0,1
17485.239999999998,Obesity_Type_III,0,1
17489.51,Obesity_Type_III,0,1
17779.71,Obesity_Type_III,0,1
17399.5,Obesity_Type_III,0,1
18168.68,Obesity_Type_III,0,1
18002.0,Obesity_Type_III,0,1
17464.7,Obesity_Type_III,0,1
17590.91,Obesity_Type_III,0,1
17525.31,Obesity_Type_III,0,1
17617.73,Obesity_Type_III,0,1
16331.95,Obesity_Type_III,0,1
16339.449999999999,Obesity_Type_III,0,1
16416.01,Obesity_Type_III,0,1
16411.32,Obesity_Type_III,0,1
16382.18,Obesity_Type_III,0,1
16274.83,Obesity_Type_III,0,1
16102.25,Obesity_Type_III,0,1
16173.9,Obesity_Type_III,0,1
17443.19,Obesity_Type_III,0,1
17554.670000000002,Obesity_Type_III,0,1
17464.16,Obesity_Type_III,0,1
17464.11,Obesity_Type_III,0,1
16114.520000000002,Obesity_Type_III,0,1
15968.13,Obesity_Type_III,0,1
16101.259999999998,Obesity_Type_III,0,1
16231.130000000001,Obesity_Type_III,0,1
16183.48,Obesity_Type_III,0,1
16094.01,Obesity_Type_III,0,1
16216.710000000001,Obesity_Type_III,0,1
16144.84,Obesity_Type_III,0,1
17891.43,Obesity_Type_III,0,1
17742.07,Obesity_Type_III,0,1
17929.33,Obesity_Type_III,0,1
17589.589999999997,Obesity_Type_III,0,1
18074.06,Obesity_Type_III,0,1
17509.100000000002,Obesity_Type_III,0,1
18058.03,Obesity_Type_III,0,1
17965.379999999997,Obesity_Type_III,0,1
16348.940000000002,Obesity_Type_III,0,1
16395.24,Obesity_Type_III,0,1
16430.17,Obesity_Type_III,0,1
16418.49,Obesity_Type_III,0,1
16211.67,Obesity_Type_III,0,1
16380.75,Obesity_Type_III,0,1
16093.699999999999,Obesity_Type_III,0,1
16082.829999999998,Obesity_Type_III,0,1
16294.42,Obesity_Type_III,0,1
16292.249999999998,Obesity_Type_III,0,1
16802.18,Obesity_Type_III,0,1
16860.329999999998,Obesity_Type_III,0,1
16629.78,Obesity_Type_III,0,1
16751.85,Obesity_Type_III,0,1
16245.599999999999,Obesity_Type_III,0,1
16261.789999999999,Obesity_Type_III,0,1
16825.94,Obesity_Type_III,0,1
16693.539999999997,Obesity_Type_III,0,1
16883.8,Obesity_Type_III,0,1
16944.390000000003,Obesity_Type_III,0,1
17554.760000000002,Obesity_Type_III,0,1
17481.059999999998,Obesity_Type_III,0,1
17199.13,Obesity_Type_III,0,1
17235.87,Obesity_Type_III,0,1
16238.12,Obesity_Type_III,0,1
16240.99,Obesity_Type_III,0,1
16329.830000000002,Obesity_Type_III,0,1
16407.45,Obesity_Type_III,0,1
16297.27,Obesity_Type_III,0,1
16241.34,Obesity_Type_III,0,1
16239.38,Obesity_Type_III,0,1
15933.21,Obesity_Type_III,0,1
17303.329999999998,Obesity_Type_III,0,1
17210.57,Obesity_Type_III,0,1
17197.8,Obesity_Type_III,0,1
16993.15,Obesity_Type_III,0,1
16813.94,Obesity_Type_III,0,1
16507.26,Obesity_Type_III,0,1
16673.83,Obesity_Type_III,0,1
17462.77,Obesity_Type_III,0,1
17354.61,Obesity_Type_III,0,1
17477.14,Obesity_Type_III,0,1
17158.2,Obesity_Type_III,0,1
17479.87,Obesity_Type_III,0,1
18179.17,Obesity_Type_III,0,1
18083.499999999996,Obesity_Type_III,0,1
17394.570000000003,Obesity_Type_III,0,1
17420.62,Obesity_Type_III,0,1
17419.25,Obesity_Type_III,0,1
17510.67,Obesity_Type_III,0,1
17491.18,Obesity_Type_III,0,1
16633.41,Obesity_Type_III,0,1
16685.37,Obesity_Type_III,0,1
16689.510000000002,Obesity_Type_III,0,1
16617.12,Obesity_Type_III,0,1
16334.42,Obesity_Type_III,0,1
16330.199999999999,Obesity_Type_III,0,1
16338.87,Obesity_Type_III,0,1
16434.210000000003,Obesity_Type_III,0,1
16405.350000000002,Obesity_Type_III,0,1
16264.829999999998,Obesity_Type_III,0,1
16459.9,Obesity_Type_III,0,1
16438.92,Obesity_Type_III,0,1
16178.17,Obesity_Type_III,0,1
16264.490000000002,Obesity_Type_III,0,1
16265.8,Obesity_Type_III,0,1
16064.74,Obesity_Type_III,0,1
16288.550000000001,Obesity_Type_III,0,1
16282.049999999997,Obesity_Type_III,0,1
16284.7,Obesity_Type_III,0,1
16278.390000000001,Obesity_Type_III,0,1
17242.68,Obesity_Type_III,0,1
17323.83,Obesity_Type_III,0,1
17269.2,Obesity_Type_III,0,1
17107.3,Obesity_Type_III,0,1
17485.84,Obesity_Type_III,0,1
17522.059999999998,Obesity_Type_III,0,1
17394.5,Obesity_Type_III,0,1
17388.36,Obesity_Type_III,0,1
